Device,CPU,GPU,MEM,UX,Total Score,device,company,cpuName,cores,clock,cpuScore,gpuScore,npuScore,rank,geekbenchSingle,geekbenchMulti,antutu9,coreCount,coreConfig,clockSpeed,gpu
iPad Pro 5 (12.9-inch) (8+256),351192.0,741383.0,183160.0,153993.0,1429728.0,,,,,,,,,,,,,,,,
iPad Pro 5 (11-inch) (8+128),351212.0,722399.0,137145.0,149463.0,1360219.0,,,,,,,,,,,,,,,,
iPad Air 5 (8+64),345275.0,635015.0,107955.0,140140.0,1228385.0,,,,,,,,,,,,,,,,
Red Magic 7 (S-8 Gen 1 18/256),235998.0,445681.0,175442.0,181650.0,1038771.0,,,,,,,,,,,,,,,,
Redmi K50 Pro (M-9000 8/128),244999.0,390026.0,169449.0,182367.0,986840.0,,,,,,,,,,,,,,,,
Mi 12 Pro (S-8 Gen 1 12/256),221570.0,427999.0,164052.0,168607.0,982228.0,,,,,,,,,,,,,,,,
Motorola Edge 30 Pro (S-8 Gen 1 12/256),217615.0,430290.0,159805.0,169686.0,977395.0,,,,,,,,,,,,,,,,
iPad Pro 4 (12.9-inch) (6+256),229713.0,490000.0,125757.0,124585.0,970055.0,,,,,,,,,,,,,,,,
realme GT2 Pro (S-8 Gen 1 12/256),218433.0,418406.0,162502.0,167575.0,966916.0,,,,,,,,,,,,,,,,
iQOO 9 Pro (S-8 Gen 1 8/256),216549.0,410066.0,156134.0,171587.0,954336.0,,,,,,,,,,,,,,,,
iPad Pro 3 (12.9-inch) (4+256),229116.0,480648.0,118624.0,123241.0,951629.0,,,,,,,,,,,,,,,,
iPhone 13 Pro Max (6+1024),280147.0,371150.0,163707.0,135420.0,950424.0,,,,,,,,,,,,,,,,
Mi 12 (S-8 Gen 1 8/256),215610.0,409770.0,162098.0,160914.0,948391.0,,,,,,,,,,,,,,,,
Galaxy S22 Ultra 5G (S-8 Gen 1 12/512),219733.0,397965.0,167766.0,157386.0,942849.0,,,,,,,,,,,,,,,,
iPhone 13 Pro (6+1024),276878.0,366104.0,163444.0,133505.0,939931.0,,,,,,,,,,,,,,,,
iPad Pro 3 (11-inch) (4+256),229338.0,465562.0,118147.0,120285.0,933332.0,,,,,,,,,,,,,,,,
iPad Pro 4 (11-inch) (6+128),229635.0,484190.0,97571.0,121386.0,932782.0,,,,,,,,,,,,,,,,
Galaxy S22 Ultra 5G (E-2200 12/512),221164.0,367557.0,173807.0,151948.0,914476.0,,,,,,,,,,,,,,,,
iPad mini 6 (4+64),271405.0,411493.0,97021.0,132231.0,912150.0,,,,,,,,,,,,,,,,
Galaxy S22+ 5G (S-8 Gen 1 8/256),217684.0,378119.0,157208.0,152510.0,905520.0,,,,,,,,,,,,,,,,
iPhone 13 mini (4+128),271424.0,376075.0,120099.0,130079.0,897677.0,,,,,,,,,,,,,,,,
iPhone 13 (4+128),272217.0,373676.0,119565.0,130474.0,895932.0,,,,,,,,,,,,,,,,
Galaxy S22+ 5G (E-2200 8/256),217430.0,366290.0,152223.0,146811.0,882752.0,,,,,,,,,,,,,,,,
OPPO Find X5 Pro (S-8 Gen 1 12/256),173486.0,431331.0,126964.0,142398.0,874178.0,,,,,,,,,,,,,,,,
Galaxy S22 5G (E-2200 8/256),211810.0,348036.0,152688.0,145316.0,857850.0,,,,,,,,,,,,,,,,
OnePlus 10 Pro 5G (S-8 Gen 1 12/256),163695.0,431257.0,127428.0,134251.0,856630.0,,,,,,,,,,,,,,,,
iPad Air 4 (4+64),270518.0,347978.0,99202.0,134764.0,852462.0,,,,,,,,,,,,,,,,
ROG Phone 5s (S-888+ 16/512),209799.0,324341.0,152881.0,159766.0,846786.0,,,,,,,,,,,,,,,,
iPhone SE3 (4+128),254794.0,337076.0,124250.0,128369.0,844489.0,,,,,,,,,,,,,,,,
iPhone 12 Pro Max (6+256),253269.0,331772.0,128265.0,130033.0,843339.0,,,,,,,,,,,,,,,,
realme GT (S-888 12/256),212051.0,321020.0,141441.0,160153.0,834664.0,,,,,,,,,,,,,,,,
iQOO 9 SE (S-888 8/128),208913.0,320301.0,134453.0,168075.0,831742.0,,,,,,,,,,,,,,,,
Motorola Moto G200 5G (S-888+ 8/128),203434.0,311076.0,135773.0,165202.0,815484.0,,,,,,,,,,,,,,,,
Galaxy S22 5G (S-8 Gen 1 8/256),212780.0,294268.0,160646.0,146321.0,814015.0,,,,,,,,,,,,,,,,
iPhone 12 (4+128),242843.0,330095.0,113139.0,127326.0,813403.0,,,,,,,,,,,,,,,,
iPhone 12 Pro (6+128),241189.0,327497.0,114617.0,128131.0,811434.0,,,,,,,,,,,,,,,,
OnePlus 9 Pro (S-888 12/256),196161.0,319886.0,135250.0,153115.0,804411.0,,,,,,,,,,,,,,,,
iPhone 12 mini (4+128),244498.0,314879.0,116365.0,126598.0,802340.0,,,,,,,,,,,,,,,,
Mi 11i (S-888 8/256),204450.0,311315.0,125515.0,153509.0,794789.0,,,,,,,,,,,,,,,,
Asus Zenfone 8 Mini (S-888 8/128),195299.0,307939.0,131853.0,153924.0,789015.0,,,,,,,,,,,,,,,,
Mi 11 Ultra (S-888 12/256),197298.0,300789.0,131336.0,158323.0,787745.0,,,,,,,,,,,,,,,,
Mi 11T Pro (S-888 8/256),199993.0,298367.0,130016.0,151328.0,779704.0,,,,,,,,,,,,,,,,
OPPO Find X3 Pro (S-888 12/256),192437.0,300378.0,137073.0,147341.0,777229.0,,,,,,,,,,,,,,,,
Mi 11 (S-888 8/256),195922.0,292240.0,128323.0,156020.0,772505.0,,,,,,,,,,,,,,,,
Galaxy S21 FE 5G (S-888 8/256),193615.0,288695.0,135006.0,151363.0,768677.0,,,,,,,,,,,,,,,,
Galaxy S21 5G (S-888 8/256),198577.0,274516.0,135422.0,148353.0,756868.0,,,,,,,,,,,,,,,,
iPhone 11 Pro Max (4+256),209872.0,300457.0,105258.0,119323.0,734910.0,,,,,,,,,,,,,,,,
Galaxy S21 Ultra 5G (E-2100 16/512),184124.0,268741.0,137000.0,143717.0,733582.0,,,,,,,,,,,,,,,,
iPhone 11 Pro (4+256),208381.0,299716.0,105681.0,118275.0,732053.0,,,,,,,,,,,,,,,,
realme GT Neo2 (S-870 12/256),200205.0,242459.0,128606.0,160319.0,731589.0,,,,,,,,,,,,,,,,
OnePlus 9 (S-888 8/128),171183.0,311634.0,113077.0,134124.0,730017.0,,,,,,,,,,,,,,,,
Mi 10T Pro 5G (S-865 8/128),182792.0,275502.0,119287.0,152290.0,729871.0,,,,,,,,,,,,,,,,
iPad 9 (3+64),211960.0,308870.0,87211.0,121573.0,729614.0,,,,,,,,,,,,,,,,
Google Pixel 6 (Tensor 8/128),193075.0,283195.0,106576.0,145721.0,728567.0,,,,,,,,,,,,,,,,
HUAWEI Mate 40 Pro (K-9000 8/256),185397.0,278173.0,131873.0,131695.0,727138.0,,,,,,,,,,,,,,,,
Google Pixel 6 Pro (Tensor 12/128),180721.0,288781.0,104270.0,149164.0,722936.0,,,,,,,,,,,,,,,,
Galaxy S21+ 5G (E-2100 8/128),186881.0,275225.0,121223.0,135085.0,718412.0,,,,,,,,,,,,,,,,
Motorola Edge 20 Pro (S-870 12/256),195101.0,239360.0,124589.0,154763.0,713813.0,,,,,,,,,,,,,,,,
Redmi K40 (S-870 8/256),191922.0,246503.0,118945.0,150484.0,707854.0,,,,,,,,,,,,,,,,
Black Shark 4 (S-870 8/128),189415.0,245712.0,117836.0,153645.0,706606.0,,,,,,,,,,,,,,,,
Mi 11X (S-870 6/128),191836.0,250934.0,112030.0,150136.0,704933.0,,,,,,,,,,,,,,,,
Poco F3 (S-870 8/256),191633.0,244999.0,117820.0,150182.0,704634.0,,,,,,,,,,,,,,,,
iPhone 11 (4+128),198064.0,290948.0,93139.0,116765.0,698916.0,,,,,,,,,,,,,,,,
OnePlus 9R (S-870 8/128),190523.0,241222.0,116347.0,145862.0,693954.0,,,,,,,,,,,,,,,,
realme GT Neo (M-1200 12/256),175098.0,244308.0,132911.0,140180.0,692497.0,,,,,,,,,,,,,,,,
OPPO Find X2 Pro (S-865 12/512),190232.0,225890.0,128057.0,148244.0,692423.0,,,,,,,,,,,,,,,,
Redmi K40 Gaming (M-1200 12/256),172962.0,245151.0,128613.0,142691.0,689417.0,,,,,,,,,,,,,,,,
OnePlus 8T (S-865 12/256),191224.0,226427.0,125038.0,144954.0,687642.0,,,,,,,,,,,,,,,,
Mi 12X (S-870 8/256),183426.0,244165.0,110754.0,144418.0,682763.0,,,,,,,,,,,,,,,,
Galaxy S21 5G (E-2100 8/128),175469.0,252146.0,119504.0,121290.0,668409.0,,,,,,,,,,,,,,,,
Poco F2 Pro (S-865 6/128),188879.0,224774.0,116327.0,132373.0,662353.0,,,,,,,,,,,,,,,,
HUAWEI P50 Pro (S-888 8/256),153264.0,280425.0,114605.0,112997.0,661290.0,,,,,,,,,,,,,,,,
Mi 10 (S-865 8/256),186019.0,229019.0,109255.0,134448.0,658741.0,,,,,,,,,,,,,,,,
iPad Air 3 (3+64),190628.0,270667.0,82343.0,114439.0,658077.0,,,,,,,,,,,,,,,,
iPhone SE2 (3+64),199947.0,259312.0,84029.0,113826.0,657114.0,,,,,,,,,,,,,,,,
realme Q3 Pro (M-1100 8/128),167466.0,235188.0,119604.0,134198.0,656456.0,,,,,,,,,,,,,,,,
Galaxy S20 FE 5G (S-865 6/128),183906.0,222865.0,109624.0,139800.0,656195.0,,,,,,,,,,,,,,,,
Galaxy S20 FE 4G (S-865 8/256),182485.0,218608.0,114856.0,138258.0,654207.0,,,,,,,,,,,,,,,,
Galaxy Note20 Ultra 5G (E-990 12/256),165476.0,229672.0,121863.0,122961.0,639971.0,,,,,,,,,,,,,,,,
Mi 11T 5G (M-1200 8/256),153660.0,239628.0,115503.0,130869.0,639660.0,,,,,,,,,,,,,,,,
Galaxy S20 Ultra 5G (E-990 12/128),166832.0,231391.0,115018.0,124816.0,638057.0,,,,,,,,,,,,,,,,
Poco X3 GT (M-1100 8/256),154123.0,231943.0,119086.0,128074.0,633226.0,,,,,,,,,,,,,,,,
OnePlus Nord 2 5G (M-1200 AI 8/128),170519.0,224076.0,111476.0,126216.0,632287.0,,,,,,,,,,,,,,,,
iPad mini 5 (3+64),186841.0,248090.0,81681.0,113284.0,629896.0,,,,,,,,,,,,,,,,
iPad 8 (3+128),181263.0,235564.0,90717.0,113948.0,621492.0,,,,,,,,,,,,,,,,
LG V60 ThinQ 5G (S-865 8/128),176678.0,223183.0,92946.0,122376.0,615182.0,,,,,,,,,,,,,,,,
Galaxy Note20 Ultra LTE (E-990 8/256),158699.0,221986.0,118874.0,115609.0,615168.0,,,,,,,,,,,,,,,,
Galaxy S20+ (E-990 8/128),161587.0,224508.0,110592.0,117713.0,614400.0,,,,,,,,,,,,,,,,
Poco X3 Pro (S-860 8/256),150620.0,209983.0,118075.0,132945.0,611623.0,,,,,,,,,,,,,,,,
iPhone XS (4+256),179447.0,221726.0,98776.0,108722.0,608671.0,,,,,,,,,,,,,,,,
iPhone XS Max (4+256),177557.0,219809.0,98240.0,109954.0,605560.0,,,,,,,,,,,,,,,,
iPhone XR (3+128),177207.0,211440.0,87954.0,106907.0,583508.0,,,,,,,,,,,,,,,,
Galaxy S20 4G (E-990 8/128),150898.0,217657.0,108980.0,105101.0,582636.0,,,,,,,,,,,,,,,,
realme X2 Pro (S-855+ 8/128),146725.0,207279.0,82177.0,124696.0,560877.0,,,,,,,,,,,,,,,,
iQOO Z5 (S-778G 8/128),160554.0,165041.0,104920.0,129076.0,559591.0,,,,,,,,,,,,,,,,
HUAWEI P40 Pro 5G (K-990 8/256),150661.0,175397.0,113461.0,118323.0,557841.0,,,,,,,,,,,,,,,,
Galaxy Note10+ 5G (E-9825 12/256),133825.0,203328.0,116372.0,99726.0,553251.0,,,,,,,,,,,,,,,,
Galaxy Note10 (E-9825 8/256),135092.0,190038.0,113773.0,107469.0,546372.0,,,,,,,,,,,,,,,,
Redmi K20 Pro (S-855 6/128),146135.0,198953.0,80700.0,120326.0,546114.0,,,,,,,,,,,,,,,,
Galaxy Note10+ (E-9825 12/256),130126.0,202582.0,115188.0,97483.0,545379.0,,,,,,,,,,,,,,,,
realme GT Master (S-778G 8/256),162810.0,158185.0,93097.0,130770.0,544862.0,,,,,,,,,,,,,,,,
iPad Pro 2 (10.5-inch) (4+64),155467.0,222536.0,59771.0,95609.0,533383.0,,,,,,,,,,,,,,,,
Mi 9 (S-855 6/128),147840.0,194579.0,80851.0,109653.0,532919.0,,,,,,,,,,,,,,,,
Mi 11 Lite (S-780G 8/128),156830.0,170813.0,82547.0,121833.0,532023.0,,,,,,,,,,,,,,,,
realme Q3s (S-778G 6/128),158676.0,155124.0,82828.0,134178.0,530806.0,,,,,,,,,,,,,,,,
Motorola Edge 20 (S-778G 8/128),158661.0,160071.0,79812.0,128280.0,526824.0,,,,,,,,,,,,,,,,
Galaxy S10 5G (E-9820 8/256),132997.0,187473.0,89798.0,115055.0,525322.0,,,,,,,,,,,,,,,,
Mi 9T Pro (S-855 6/128),146709.0,190616.0,75726.0,110293.0,523344.0,,,,,,,,,,,,,,,,
LG V50 ThinQ 5G (S-855 6/128),142654.0,186271.0,76256.0,114783.0,519963.0,,,,,,,,,,,,,,,,
Mi 11 Lite 5G NE (S-778G 8/256),153937.0,158990.0,85772.0,118234.0,516932.0,,,,,,,,,,,,,,,,
Sony Xperia 1 (S-855 6/64),146459.0,188889.0,66439.0,110143.0,511930.0,,,,,,,,,,,,,,,,
HONOR 50 (S-778G 6/128),156246.0,158579.0,80212.0,116389.0,511424.0,,,,,,,,,,,,,,,,
HUAWEI nova 9 (S-778G 8/128),151885.0,157408.0,85539.0,113190.0,508020.0,,,,,,,,,,,,,,,,
LG G8 ThinQ (S-855 6/128),145632.0,185063.0,65845.0,110432.0,506972.0,,,,,,,,,,,,,,,,
Galaxy A52s 5G (S-778G 6/128),154014.0,155720.0,74844.0,116989.0,501567.0,,,,,,,,,,,,,,,,
Galaxy S10 (E-9820 8/128),118170.0,184883.0,82315.0,105954.0,491321.0,,,,,,,,,,,,,,,,
Galaxy M52 5G (S-778G 8/128),146361.0,156559.0,77521.0,109874.0,490315.0,,,,,,,,,,,,,,,,
Galaxy S10+ (E-9820 8/128),115397.0,183846.0,81222.0,103916.0,484381.0,,,,,,,,,,,,,,,,
Galaxy M62 (E-9825 8/128),111238.0,176782.0,104045.0,91629.0,483694.0,,,,,,,,,,,,,,,,
HONOR 20 Pro (K-980 8/256),137349.0,146216.0,89894.0,109287.0,482746.0,,,,,,,,,,,,,,,,
HUAWEI nova 5T (K-980 6/128),140736.0,146535.0,83379.0,110484.0,481133.0,,,,,,,,,,,,,,,,
HUAWEI P30 Pro (K-980 8/256),138406.0,146233.0,85869.0,109869.0,480377.0,,,,,,,,,,,,,,,,
LG V50S ThinQ 5G (S-855 8/256),128661.0,171382.0,70893.0,107323.0,478259.0,,,,,,,,,,,,,,,,
HUAWEI P30 (K-980 6/128),139135.0,145369.0,82599.0,109925.0,477028.0,,,,,,,,,,,,,,,,
HONOR 20 (K-980 6/128),139130.0,144526.0,82589.0,110467.0,476712.0,,,,,,,,,,,,,,,,
LG G8X ThinQ (S-855 6/128),133358.0,171303.0,65647.0,105111.0,475418.0,,,,,,,,,,,,,,,,
Redmi Note 11 Pro (M-920 6/128),133765.0,125150.0,81216.0,126430.0,466561.0,,,,,,,,,,,,,,,,
Galaxy S10e (E-9820 6/128),109927.0,174016.0,80467.0,99106.0,463516.0,,,,,,,,,,,,,,,,
iPhone X (3+256),146827.0,147963.0,84301.0,81936.0,461027.0,,,,,,,,,,,,,,,,
HUAWEI Mate 20 Pro (K-980 6/128),133786.0,137393.0,79428.0,110047.0,460652.0,,,,,,,,,,,,,,,,
iPhone 8 Plus (3+64),161621.0,144170.0,60796.0,82528.0,449115.0,,,,,,,,,,,,,,,,
OPPO Reno6 5G (M-900 8/128),123835.0,130038.0,81331.0,110622.0,445826.0,,,,,,,,,,,,,,,,
iPhone 8 (2+64),156649.0,135124.0,61215.0,79122.0,432110.0,,,,,,,,,,,,,,,,
Poco F1 (S-845 6/128),99719.0,162649.0,67660.0,90340.0,420368.0,,,,,,,,,,,,,,,,
Mi 8 (S-845 6/128),103508.0,160901.0,65957.0,88365.0,418731.0,,,,,,,,,,,,,,,,
Galaxy A53 5G (E-1280 8/128),113709.0,122958.0,75582.0,106382.0,418631.0,,,,,,,,,,,,,,,,
realme 9 Pro (S-695 8/128),125250.0,101244.0,62636.0,114970.0,404100.0,,,,,,,,,,,,,,,,
Galaxy F62 (E-9825 6/128),81341.0,145328.0,94508.0,78137.0,399314.0,,,,,,,,,,,,,,,,
Poco X4 NFC (S-695 8/256),120427.0,100714.0,68572.0,106176.0,395887.0,,,,,,,,,,,,,,,,
OPPO Reno5 A (S-765G 6/128),112588.0,104679.0,72696.0,98212.0,388175.0,,,,,,,,,,,,,,,,
iPad 7 (3+128),124517.0,122941.0,60547.0,80159.0,388164.0,,,,,,,,,,,,,,,,
Redmi Note 11T Pro (S-695 8/128),116227.0,99432.0,64227.0,105834.0,385720.0,,,,,,,,,,,,,,,,
Galaxy Note 9 (E-9810 6/128),111118.0,126770.0,61967.0,80741.0,380596.0,,,,,,,,,,,,,,,,
Galaxy S9+ (E-9810 6/64),109865.0,125473.0,60681.0,79397.0,375416.0,,,,,,,,,,,,,,,,
HUAWEI nova 7i (K-810 6/128),105973.0,99357.0,71838.0,93973.0,371140.0,,,,,,,,,,,,,,,,
Mi 11 Lite 4G (S-730 8/128),103866.0,97401.0,59697.0,98312.0,359276.0,,,,,,,,,,,,,,,,
Poco M4 Pro 5G (M-810 6/128),105626.0,86409.0,69006.0,97555.0,358595.0,,,,,,,,,,,,,,,,
iPhone 7 Plus (3+128),120494.0,112571.0,51717.0,72958.0,357740.0,,,,,,,,,,,,,,,,
realme 8 (M-G95 8/128),95861.0,102271.0,62163.0,96507.0,356802.0,,,,,,,,,,,,,,,,
Poco X3 NFC (S-730 6/128),104244.0,96002.0,56815.0,98560.0,355620.0,,,,,,,,,,,,,,,,
realme 7 (M-G95 8/128),97038.0,102883.0,56425.0,98537.0,354882.0,,,,,,,,,,,,,,,,
realme 6 Pro (S-720G 8/128),106728.0,90601.0,56223.0,100255.0,353807.0,,,,,,,,,,,,,,,,
OPPO Reno5 4G (S-720G 8/128),109143.0,89452.0,59412.0,94658.0,352665.0,,,,,,,,,,,,,,,,
Poco X3 (S-730 6/128),102656.0,96208.0,56122.0,97480.0,352465.0,,,,,,,,,,,,,,,,
realme 7 Pro (S-720G 6/128),110133.0,90181.0,57847.0,94018.0,352179.0,,,,,,,,,,,,,,,,
iPhone 7 (2+128),119119.0,110182.0,51788.0,70642.0,351731.0,,,,,,,,,,,,,,,,
Redmi Note 10 Pro (S-730 6/128),99723.0,96005.0,56476.0,97556.0,349760.0,,,,,,,,,,,,,,,,
Galaxy A52 (S-720G 8/256),105893.0,89194.0,58339.0,95112.0,348537.0,,,,,,,,,,,,,,,,
Redmi Note 9 Pro (S-720G 6/128),107755.0,89956.0,56091.0,89848.0,343649.0,,,,,,,,,,,,,,,,
Redmi Note 9S (S-720G 6/128),107650.0,90049.0,55633.0,89985.0,343317.0,,,,,,,,,,,,,,,,
Mi Note 10 Lite (S-730 6/128),103517.0,90972.0,56063.0,92392.0,342944.0,,,,,,,,,,,,,,,,
Redmi Note 10 5G (M-700 8/128),100039.0,81106.0,68466.0,93234.0,342845.0,,,,,,,,,,,,,,,,
Redmi Note 10 Pro Max (S-730 6/128),96461.0,95112.0,55563.0,94348.0,341482.0,,,,,,,,,,,,,,,,
Poco M3 Pro 5G (M-700 6/128),99407.0,80009.0,67644.0,93096.0,340155.0,,,,,,,,,,,,,,,,
Mi 9T (S-730 6/128),104133.0,83652.0,54486.0,88646.0,330916.0,,,,,,,,,,,,,,,,
Galaxy A71 (S-730 6/128),101433.0,88832.0,52846.0,86607.0,329717.0,,,,,,,,,,,,,,,,
Redmi Note 8 Pro (M-G90T 6/128),90576.0,91201.0,55996.0,85992.0,323765.0,,,,,,,,,,,,,,,,
Redmi Note 11 Pro 4G (M-G96 8/128),86090.0,80697.0,62086.0,93918.0,322791.0,,,,,,,,,,,,,,,,
Poco M4 Pro 4G (M-G96 6/128),91318.0,79595.0,58406.0,83781.0,313100.0,,,,,,,,,,,,,,,,
iPhone SE (2+32),93094.0,83867.0,44202.0,52768.0,273931.0,,,,,,,,,,,,,,,,
iPhone 6s Plus (2+64),92074.0,82336.0,40993.0,54797.0,270200.0,,,,,,,,,,,,,,,,
Galaxy A70 (S-675 6/128),93196.0,50716.0,48215.0,76620.0,268746.0,,,,,,,,,,,,,,,,
iPhone 6s (2+64),91948.0,81800.0,40047.0,53217.0,267012.0,,,,,,,,,,,,,,,,
Redmi Note 11 (S-680 6/128),77433.0,49783.0,66281.0,71080.0,264577.0,,,,,,,,,,,,,,,,
Infinix Hot 11S (M-G88 6/128),67728.0,61200.0,44181.0,82926.0,256035.0,,,,,,,,,,,,,,,,
Redmi 10 (M-G88 6/128),62902.0,58096.0,41767.0,80297.0,243061.0,,,,,,,,,,,,,,,,
Galaxy A51 (E-9611 6/128),55203.0,62849.0,45941.0,67989.0,231982.0,,,,,,,,,,,,,,,,
Galaxy M31 (E-9611 6/128),55772.0,61407.0,46470.0,67868.0,231515.0,,,,,,,,,,,,,,,,
Galaxy A32 4G (M-G80 6/128),65016.0,54205.0,39208.0,66668.0,225097.0,,,,,,,,,,,,,,,,
,,,,,,iPhone 13 Pro Max,Apple,A15 Bionic   ,6.0,3230.0,935.0,2273.0,2676.0,,,,,,,,
,,,,,,iPhone 13 Pro,Apple,A15 Bionic   ,6.0,3230.0,931.0,2261.0,2665.0,,,,,,,,
,,,,,,iPhone 13 mini,Apple,A15 Bionic   ,6.0,3230.0,924.0,1852.0,2660.0,,,,,,,,
,,,,,,iPad Pro (12.9-inch 5th generation),Apple,M1    ,8.0,3190.0,1013.0,2824.0,2657.0,,,,,,,,
,,,,,,iPad Pro (11-inch 3rd generation),Apple,M1    ,8.0,3190.0,1011.0,2842.0,2656.0,,,,,,,,
,,,,,,iPhone 13,Apple,A15 Bionic   ,6.0,3230.0,916.0,1831.0,2605.0,,,,,,,,
,,,,,,iPad mini (6th generation),Apple,A15 Bionic   ,6.0,2920.0,899.0,2095.0,2522.0,,,,,,,,
,,,,,,iPad Air (4th generation),Apple,A14 Bionic   ,6.0,2990.0,881.0,1950.0,2360.0,,,,,,,,
,,,,,,iPhone 12,Apple,A14 Bionic   ,6.0,2990.0,859.0,1584.0,2341.0,,,,,,,,
,,,,,,iPhone 12 Mini,Apple,A14 Bionic   ,6.0,2990.0,856.0,1578.0,2324.0,,,,,,,,
,,,,,,iPhone 12 Pro Max,Apple,A14 Bionic   ,6.0,2990.0,866.0,1579.0,2314.0,,,,,,,,
,,,,,,iPhone 12 Pro,Apple,A14 Bionic   ,6.0,2990.0,848.0,1564.0,2283.0,,,,,,,,
,,,,,,Google Pixel 6,Google,Tensor    ,8.0,1803.0,317.0,1374.0,1677.0,,,,,,,,
,,,,,,Google Pixel 6 Pro,Google,Tensor    ,8.0,1804.0,314.0,1368.0,1647.0,,,,,,,,
,,,,,,iPhone 11 Pro Max,Apple,A13 Bionic   ,6.0,2660.0,697.0,1375.0,1641.0,,,,,,,,
,,,,,,iPhone 11,Apple,A13 Bionic   ,6.0,2660.0,683.0,1363.0,1639.0,,,,,,,,
,,,,,,iPhone 11 Pro,Apple,A13 Bionic   ,6.0,2660.0,696.0,1369.0,1633.0,,,,,,,,
,,,,,,iPhone SE (2nd generation),Apple,A13 Bionic   ,6.0,2660.0,673.0,1354.0,1633.0,,,,,,,,
,,,,,,Microsoft Surface Duo 2,Qualcomm,Snapdragon 888   ,8.0,1804.0,384.0,1834.0,1615.0,,,,,,,,
,,,,,,Xiaomi 11T Pro,Qualcomm,Snapdragon 888   ,8.0,1804.0,386.0,1668.0,1536.0,,,,,,,,
,,,,,,iPad Pro (12.9-inch 3rd Generation),Apple,A12X Bionic   ,8.0,2490.0,694.0,1903.0,1415.0,,,,,,,,
,,,,,,iPad Pro 12.9-inch (4th generation),Apple,A12Z Bionic   ,8.0,2490.0,681.0,1942.0,1388.0,,,,,,,,
,,,,,,iPad Pro 11-inch (2nd generation),Apple,A12Z Bionic   ,8.0,2490.0,680.0,1938.0,1356.0,,,,,,,,
,,,,,,iPad Pro (11-inch),Apple,A12X Bionic   ,8.0,2490.0,678.0,1878.0,1352.0,,,,,,,,
,,,,,,Samsung Galaxy Z Fold3 5G,Qualcomm,Snapdragon 888   ,8.0,1804.0,371.0,1558.0,1337.0,,,,,,,,
,,,,,,iPad Air (3rd generation),Apple,A12 Bionic   ,6.0,2490.0,559.0,1134.0,1316.0,,,,,,,,
,,,,,,iPad mini (5th generation),Apple,A12 Bionic   ,6.0,2490.0,552.0,1128.0,1306.0,,,,,,,,
,,,,,,iPhone XR,Apple,A12 Bionic   ,6.0,2490.0,520.0,1097.0,1304.0,,,,,,,,
,,,,,,iPad (8th generation),Apple,A12 Bionic   ,6.0,2490.0,539.0,1110.0,1303.0,,,,,,,,
,,,,,,iPhone XS,Apple,A12 Bionic   ,6.0,2490.0,546.0,1110.0,1300.0,,,,,,,,
,,,,,,iPhone XS Max,Apple,A12 Bionic   ,6.0,2490.0,549.0,1151.0,1296.0,,,,,,,,
,,,,,,Samsung Galaxy Z Flip3,Qualcomm,Snapdragon 888   ,8.0,1804.0,367.0,1595.0,1240.0,,,,,,,,
,,,,,,Sony Xperia 1 III,Qualcomm,Snapdragon 888   ,8.0,1804.0,420.0,1726.0,1196.0,,,,,,,,
,,,,,,Xiaomi 11T,MediaTek,Dimensity 1200   ,8.0,2000.0,281.0,810.0,1093.0,,,,,,,,
,,,,,,Realme X7 Pro,MediaTek,Dimensity 1000+   ,8.0,2000.0,273.0,792.0,999.0,,,,,,,,
,,,,,,OnePlus Nord 2 5G,MediaTek,Dimensity 1200   ,8.0,2000.0,323.0,1097.0,941.0,,,,,,,,
,,,,,,ASUS ROG Phone 3,Qualcomm,Snapdragon 865+   ,8.0,1804.0,422.0,1417.0,876.0,,,,,,,,
,,,,,,Xiaomi Redmi K30 Ultra,MediaTek,Dimensity 1000+   ,8.0,2000.0,351.0,1348.0,869.0,,,,,,,,
,,,,,,Asus ROG Phone 5,Qualcomm,Snapdragon 888   ,8.0,1804.0,447.0,1810.0,856.0,,,,,,,,
,,,,,,Realme GT Neo,MediaTek,Dimensity 1200   ,8.0,2000.0,250.0,790.0,848.0,,,,,,,,
,,,,,,Xiaomi 11 Lite 5G NE,Qualcomm,Snapdragon 778G   ,8.0,1804.0,357.0,886.0,809.0,,,,,,,,
,,,,,,Xiaomi Mi 11,Qualcomm,Snapdragon 888   ,8.0,1804.0,395.0,1604.0,795.0,,,,,,,,
,,,,,,Realme GT 5G,Qualcomm,Snapdragon 888   ,8.0,1804.0,398.0,1688.0,789.0,,,,,,,,
,,,,,,OnePlus 9R,Qualcomm,Snapdragon 870   ,8.0,1804.0,378.0,1346.0,785.0,,,,,,,,
,,,,,,Xiaomi Mi 11 Ultra,Qualcomm,Snapdragon 888   ,8.0,1804.0,389.0,1589.0,776.0,,,,,,,,
,,,,,,Asus Zenfone 7,Qualcomm,Snapdragon 865   ,8.0,1804.0,434.0,1365.0,773.0,,,,,,,,
,,,,,,OnePlus 9R 5G,Qualcomm,Snapdragon 870   ,8.0,1804.0,390.0,1357.0,761.0,,,,,,,,
,,,,,,Xiaomi Redmi K40,Qualcomm,Snapdragon 870   ,8.0,1804.0,390.0,789.0,753.0,,,,,,,,
,,,,,,Realme GT Neo2,Qualcomm,Snapdragon 870   ,8.0,1804.0,395.0,1340.0,735.0,,,,,,,,
,,,,,,Xiaomi Poco F3,Qualcomm,Snapdragon 870   ,8.0,1804.0,386.0,1348.0,729.0,,,,,,,,
,,,,,,Xiaomi Mi 10T 5G,Qualcomm,Snapdragon 865   ,8.0,1804.0,401.0,1267.0,722.0,,,,,,,,
,,,,,,OnePlus 8T+ 5G,Qualcomm,Snapdragon 865   ,8.0,1804.0,400.0,1252.0,721.0,,,,,,,,
,,,,,,Xiaomi Mi 11X,Qualcomm,Snapdragon 870   ,8.0,1804.0,377.0,1322.0,720.0,,,,,,,,
,,,,,,Sony Xperia 5 II,Qualcomm,Snapdragon 865   ,8.0,1804.0,378.0,1258.0,715.0,,,,,,,,
,,,,,,Xiaomi Mi 10T Pro 5G,Qualcomm,Snapdragon 865   ,8.0,1804.0,374.0,1250.0,709.0,,,,,,,,
,,,,,,Realme GT Master,Qualcomm,Snapdragon 778G   ,8.0,1804.0,347.0,857.0,708.0,,,,,,,,
,,,,,,Samsung Galaxy Note10+,Qualcomm,Snapdragon 855   ,8.0,1785.0,325.0,1019.0,706.0,,,,,,,,
,,,,,,OnePlus 8T,Qualcomm,Snapdragon 865   ,8.0,1804.0,384.0,1259.0,702.0,,,,,,,,
,,,,,,OnePlus 8 Pro,Qualcomm,Snapdragon 865   ,8.0,1804.0,386.0,1265.0,700.0,,,,,,,,
,,,,,,Samsung Galaxy Z Fold2 5G,Qualcomm,Snapdragon 865   ,8.0,1804.0,399.0,1316.0,697.0,,,,,,,,
,,,,,,Samsung Galaxy Note20 5G,Qualcomm,Snapdragon 865+   ,8.0,1804.0,380.0,1315.0,695.0,,,,,,,,
,,,,,,Sony Xperia 1 II,Qualcomm,Snapdragon 865   ,8.0,1804.0,373.0,1219.0,687.0,,,,,,,,
,,,,,,Xiaomi Poco F2 Pro,Qualcomm,Snapdragon 865   ,8.0,1804.0,405.0,1232.0,685.0,,,,,,,,
,,,,,,Samsung Galaxy Tab S7+,Qualcomm,Snapdragon 865   ,8.0,1804.0,390.0,1355.0,685.0,,,,,,,,
,,,,,,Samsung Galaxy Note20 Ultra 5G,Qualcomm,Snapdragon 865+   ,8.0,1804.0,401.0,1283.0,684.0,,,,,,,,
,,,,,,Samsung Galaxy Tab S7,Qualcomm,Snapdragon 865   ,8.0,1804.0,393.0,1353.0,683.0,,,,,,,,
,,,,,,Samsung Galaxy Tab S6,Qualcomm,Snapdragon 855   ,8.0,1785.0,318.0,994.0,666.0,,,,,,,,
,,,,,,Google Pixel 4 XL,Qualcomm,Snapdragon 855   ,8.0,1785.0,338.0,1029.0,644.0,,,,,,,,
,,,,,,Samsung Galaxy A90 5G,Qualcomm,Snapdragon 855   ,8.0,1785.0,348.0,1132.0,643.0,,,,,,,,
,,,,,,Asus Zenfone 8,Qualcomm,Snapdragon 888   ,8.0,1804.0,413.0,1638.0,635.0,,,,,,,,
,,,,,,Google Pixel 4,Qualcomm,Snapdragon 855   ,8.0,1785.0,331.0,1039.0,610.0,,,,,,,,
,,,,,,OnePlus 7T Pro 5G,Qualcomm,Snapdragon 855+   ,8.0,1785.0,317.0,1157.0,609.0,,,,,,,,
,,,,,,OnePlus 8,Qualcomm,Snapdragon 865   ,8.0,1804.0,386.0,1201.0,604.0,,,,,,,,
,,,,,,Xiaomi Mi 9,Qualcomm,Snapdragon 855   ,8.0,1785.0,301.0,1087.0,598.0,,,,,,,,
,,,,,,Xiaomi Poco X3 Pro,Qualcomm,Snapdragon 860   ,8.0,1785.0,319.0,1145.0,591.0,,,,,,,,
,,,,,,Sony Xperia 1,Qualcomm,Snapdragon 855   ,8.0,1785.0,325.0,1065.0,577.0,,,,,,,,
,,,,,,iPad Pro (10.5-inch),Apple,A10X Fusion   ,6.0,2340.0,598.0,1048.0,569.0,,,,,,,,
,,,,,,iPad Pro (12.9-inch 2nd Generation),Apple,A10X Fusion   ,6.0,2340.0,617.0,1059.0,566.0,,,,,,,,
,,,,,,OnePlus 7T,Qualcomm,Snapdragon 855+   ,8.0,1785.0,316.0,1146.0,564.0,,,,,,,,
,,,,,,OnePlus 7,Qualcomm,Snapdragon 855   ,8.0,1785.0,315.0,1044.0,555.0,,,,,,,,
,,,,,,Realme X2 Pro,Qualcomm,Snapdragon 855+   ,8.0,1785.0,299.0,1033.0,543.0,,,,,,,,
,,,,,,OnePlus 7 Pro,Qualcomm,Snapdragon 855   ,8.0,1785.0,315.0,1066.0,533.0,,,,,,,,
,,,,,,OnePlus 7T Pro,Qualcomm,Snapdragon 855+   ,8.0,1785.0,310.0,1078.0,533.0,,,,,,,,
,,,,,,LG V50 ThinQ 5G,Qualcomm,Snapdragon 855   ,8.0,1785.0,296.0,1049.0,523.0,,,,,,,,
,,,,,,Xiaomi Mi 9T Pro,Qualcomm,Snapdragon 855   ,8.0,1785.0,313.0,1067.0,517.0,,,,,,,,
,,,,,,LG G8 ThinQ,Qualcomm,Snapdragon 855   ,8.0,1785.0,299.0,1019.0,493.0,,,,,,,,
,,,,,,Samsung Galaxy Note10,Qualcomm,Snapdragon 855   ,8.0,1785.0,321.0,921.0,489.0,,,,,,,,
,,,,,,Xiaomi Redmi K20,Qualcomm,Snapdragon 730   ,8.0,1804.0,221.0,1058.0,478.0,,,,,,,,
,,,,,,Samsung Galaxy Note20 Ultra,Samsung,Exynos 990   ,8.0,2002.0,297.0,1049.0,471.0,,,,,,,,
,,,,,,iPhone 8,Apple,A11 Bionic   ,6.0,2390.0,411.0,861.0,433.0,,,,,,,,
,,,,,,iPhone X,Apple,A11 Bionic   ,6.0,2390.0,403.0,864.0,433.0,,,,,,,,
,,,,,,iPhone 8 Plus,Apple,A11 Bionic   ,6.0,2390.0,408.0,853.0,425.0,,,,,,,,
,,,,,,Google Pixel 3,Qualcomm,Snapdragon 845   ,8.0,1766.0,201.0,807.0,424.0,,,,,,,,
,,,,,,Huawei Mate 40 Pro,HiSilicon,Kirin 9000   ,8.0,2045.0,441.0,1290.0,417.0,,,,,,,,
,,,,,,Samsung Galaxy A71 5G,Samsung,Exynos 980   ,8.0,1804.0,227.0,605.0,409.0,,,,,,,,
,,,,,,Samsung Galaxy A52 5G,Qualcomm,Snapdragon 750G   ,8.0,1804.0,260.0,553.0,403.0,,,,,,,,
,,,,,,iPad (6th generation),Apple,A10 Fusion   ,4.0,2320.0,425.0,716.0,402.0,,,,,,,,
,,,,,,Google Pixel 5,Qualcomm,Snapdragon 765G   ,8.0,1804.0,258.0,620.0,401.0,,,,,,,,
,,,,,,Realme 8,MediaTek,Helio G95   ,8.0,2000.0,204.0,544.0,394.0,,,,,,,,
,,,,,,iPad (7th generation),Apple,A10 Fusion   ,4.0,2320.0,392.0,709.0,392.0,,,,,,,,
,,,,,,Google Pixel 4a 5G,Qualcomm,Snapdragon 765G   ,8.0,1804.0,252.0,641.0,391.0,,,,,,,,
,,,,,,iPhone 7 Plus,Apple,A10 Fusion   ,4.0,2340.0,357.0,677.0,384.0,,,,,,,,
,,,,,,iPhone 7,Apple,A10 Fusion   ,4.0,2340.0,354.0,676.0,382.0,,,,,,,,
,,,,,,Huawei Mate 30 Pro 5G,HiSilicon,Kirin 990   ,8.0,1954.0,378.0,1035.0,381.0,,,,,,,,
,,,,,,iPad Pro (12.9-inch),Apple,A9X    ,2.0,2260.0,376.0,727.0,380.0,,,,,,,,
,,,,,,iPad Pro (9.7-inch),Apple,A9X    ,2.0,2260.0,360.0,679.0,364.0,,,,,,,,
,,,,,,OnePlus Nord,Qualcomm,Snapdragon 765G   ,8.0,1804.0,245.0,555.0,364.0,,,,,,,,
,,,,,,Realme 7,MediaTek,Helio G95   ,8.0,2000.0,217.0,581.0,362.0,,,,,,,,
,,,,,,Google Pixel 3 XL,Qualcomm,Snapdragon 845   ,8.0,1766.0,221.0,787.0,351.0,,,,,,,,
,,,,,,Huawei Mate 20 Pro,HiSilicon,Kirin 980   ,8.0,1805.0,330.0,945.0,346.0,,,,,,,,
,,,,,,OnePlus 6T,Qualcomm,Snapdragon 845   ,8.0,1766.0,229.0,758.0,344.0,,,,,,,,
,,,,,,Samsung Galaxy Note10 5G,Samsung,Exynos 9825   ,8.0,1950.0,200.0,818.0,338.0,,,,,,,,
,,,,,,Samsung Galaxy A52,Qualcomm,Snapdragon 720G   ,8.0,1804.0,217.0,502.0,334.0,,,,,,,,
,,,,,,OnePlus 6,Qualcomm,Snapdragon 845   ,8.0,1766.0,226.0,751.0,332.0,,,,,,,,
,,,,,,Google Pixel 4a,Qualcomm,Snapdragon 730G   ,8.0,1690.0,225.0,493.0,329.0,,,,,,,,
,,,,,,Samsung Galaxy A52S 5G,Qualcomm,Snapdragon 778G   ,8.0,1804.0,370.0,968.0,325.0,,,,,,,,
,,,,,,Samsung Galaxy A72,Qualcomm,Snapdragon 720G   ,8.0,1804.0,213.0,461.0,325.0,,,,,,,,
,,,,,,Xiaomi Poco X3 NFC,Qualcomm,Snapdragon 732G   ,8.0,1804.0,225.0,508.0,323.0,,,,,,,,
,,,,,,Samsung Galaxy A71,Qualcomm,Snapdragon 730   ,8.0,1804.0,223.0,422.0,323.0,,,,,,,,
,,,,,,Huawei nova 5T,HiSilicon,Kirin 980   ,8.0,1805.0,304.0,853.0,322.0,,,,,,,,
,,,,,,Huawei Honor View 20,HiSilicon,Kirin 980   ,8.0,1805.0,309.0,827.0,316.0,,,,,,,,
,,,,,,Huawei P30 Pro,HiSilicon,Kirin 980   ,8.0,1805.0,290.0,824.0,316.0,,,,,,,,
,,,,,,Huawei P30,HiSilicon,Kirin 980   ,8.0,1805.0,283.0,747.0,313.0,,,,,,,,
,,,,,,iPod (7th generation),Apple,A10 Fusion   ,4.0,1633.0,337.0,551.0,306.0,,,,,,,,
,,,,,,Huawei Mate 20,HiSilicon,Kirin 980   ,8.0,1805.0,282.0,813.0,304.0,,,,,,,,
,,,,,,Xiaomi Mix 2S,Qualcomm,Snapdragon 845   ,8.0,1766.0,218.0,750.0,304.0,,,,,,,,
,,,,,,Xiaomi Mi 8,Qualcomm,Snapdragon 845   ,8.0,1766.0,203.0,771.0,300.0,,,,,,,,
,,,,,,Xiaomi Pocophone F1,Qualcomm,Snapdragon 845   ,8.0,1766.0,194.0,753.0,294.0,,,,,,,,
,,,,,,Samsung Galaxy A51 5G,Samsung,Exynos 980   ,8.0,1794.0,227.0,673.0,291.0,,,,,,,,
,,,,,,Xiaomi Redmi Note 10 Pro,Qualcomm,Snapdragon 732G   ,8.0,1804.0,213.0,503.0,291.0,,,,,,,,
,,,,,,Samsung Galaxy Note 9,Qualcomm,Snapdragon 845   ,8.0,1766.0,209.0,669.0,285.0,,,,,,,,
,,,,,,iPad (5th generation),Apple,A9    ,2.0,1800.0,307.0,522.0,284.0,,,,,,,,
,,,,,,Xiaomi Redmi Note 9S,Qualcomm,Snapdragon 720G   ,8.0,1804.0,224.0,486.0,284.0,,,,,,,,
,,,,,,Xiaomi Poco F1,Qualcomm,Snapdragon 845   ,8.0,1766.0,181.0,791.0,283.0,,,,,,,,
,,,,,,iPhone SE,Apple,A9    ,2.0,1800.0,298.0,513.0,280.0,,,,,,,,
,,,,,,LG G7 ThinQ,Qualcomm,Snapdragon 845   ,8.0,1766.0,215.0,743.0,280.0,,,,,,,,
,,,,,,Xiaomi Redmi Note 9 Pro,Qualcomm,Snapdragon 720G   ,8.0,1804.0,224.0,474.0,279.0,,,,,,,,
,,,,,,Sony Xperia XZ2 Compact,Qualcomm,Snapdragon 845   ,8.0,1766.0,227.0,750.0,278.0,,,,,,,,
,,,,,,Sony Xperia XZ2,Qualcomm,Snapdragon 845   ,8.0,1766.0,219.0,777.0,278.0,,,,,,,,
,,,,,,Samsung Galaxy S9,Qualcomm,Snapdragon 845   ,8.0,1766.0,216.0,738.0,278.0,,,,,,,,
,,,,,,iPhone 6s Plus,Apple,A9    ,2.0,1849.0,280.0,508.0,272.0,,,,,,,,
,,,,,,iPhone 6s,Apple,A9    ,2.0,1849.0,279.0,502.0,271.0,,,,,,,,
,,,,,,Samsung Galaxy F62,Samsung,Exynos 9825   ,8.0,1950.0,159.0,812.0,270.0,,,,,,,,
,,,,,,Xiaomi Mi 9T,Qualcomm,Snapdragon 730   ,8.0,1804.0,221.0,430.0,268.0,,,,,,,,
,,,,,,Xiaomi Mi 11 Lite,Qualcomm,Snapdragon 780G   ,8.0,1900.0,334.0,952.0,265.0,,,,,,,,
,,,,,,Google Pixel 3a XL,Qualcomm,Snapdragon 670   ,8.0,1708.0,164.0,356.0,262.0,,,,,,,,
,,,,,,Realme 5 Pro,Qualcomm,Snapdragon 712   ,8.0,1708.0,172.0,398.0,233.0,,,,,,,,
,,,,,,Huawei P40,HiSilicon,Kirin 990   ,8.0,1954.0,312.0,605.0,231.0,,,,,,,,
,,,,,,Xiaomi Redmi Note 10,Qualcomm,Snapdragon 678   ,8.0,1708.0,207.0,291.0,215.0,,,,,,,,
,,,,,,Google Pixel 3a,Qualcomm,Snapdragon 670   ,8.0,1708.0,155.0,331.0,209.0,,,,,,,,
,,,,,,Samsung Galaxy Note10 Lite,Samsung,Exynos 9810   ,8.0,1794.0,232.0,679.0,202.0,,,,,,,,
,,,,,,Xiaomi Redmi Note 7 Pro,Qualcomm,Snapdragon 675   ,8.0,1708.0,200.0,284.0,182.0,,,,,,,,
,,,,,,Samsung Galaxy Tab A7,Qualcomm,Snapdragon 662   ,8.0,1804.0,151.0,638.0,171.0,,,,,,,,
,,,,,,iPad Air 2,Apple,A8X    ,3.0,1500.0,244.0,376.0,152.0,,,,,,,,
,,,,,,Xiaomi Redmi Note 8,Qualcomm,Snapdragon 665   ,8.0,1804.0,146.0,211.0,147.0,,,,,,,,
,,,,,,Google Pixel XL,Qualcomm,MSM8996 Pro-AB Snapdragon 821 ,4.0,1593.0,157.0,254.0,131.0,,,,,,,,
,,,,,,Google Pixel 2 XL,Qualcomm,Snapdragon 835   ,8.0,1900.0,154.0,188.0,131.0,,,,,,,,
,,,,,,Xiaomi Redmi Note 8T,Qualcomm,Snapdragon 665   ,8.0,1804.0,150.0,212.0,131.0,,,,,,,,
,,,,,,OnePlus 5T,Qualcomm,Snapdragon 835   ,8.0,1900.0,154.0,487.0,128.0,,,,,,,,
,,,,,,Essential PH-1,Qualcomm,Snapdragon 835   ,8.0,1900.0,154.0,353.0,125.0,,,,,,,,
,,,,,,Google Pixel 2,Qualcomm,Snapdragon 835   ,8.0,1900.0,154.0,187.0,124.0,,,,,,,,
,,,,,,Google Pixel,Qualcomm,MSM8996 Pro-AB Snapdragon 821 ,4.0,1593.0,185.0,155.0,123.0,,,,,,,,
,,,,,,iPad mini 4,Apple,A8    ,2.0,1500.0,181.0,275.0,113.0,,,,,,,,
,,,,,,Samsung Galaxy S8,Qualcomm,Snapdragon 835   ,8.0,1900.0,151.0,617.0,110.0,,,,,,,,
,,,,,,NVIDIA SHIELD Android TV,NVIDIA,Tegra X1   ,4.0,2014.0,154.0,226.0,108.0,,,,,,,,
,,,,,,Samsung Galaxy Tab S6 Lite,Samsung,Exynos 9611   ,8.0,1742.0,126.0,300.0,108.0,,,,,,,,
,,,,,,Huawei P30 lite,HiSilicon,Kirin 710   ,8.0,1709.0,127.0,269.0,107.0,,,,,,,,
,,,,,,Sony Xperia XZ1,Qualcomm,Snapdragon 835   ,8.0,1900.0,159.0,553.0,102.0,,,,,,,,
,,,,,,Xiaomi Mi A2,Qualcomm,Snapdragon 660   ,8.0,1843.0,122.0,278.0,102.0,,,,,,,,
,,,,,,Samsung Galaxy A51,Samsung,Exynos 9611   ,8.0,1742.0,121.0,289.0,102.0,,,,,,,,
,,,,,,Samsung Galaxy M30s,Samsung,Exynos 9611   ,8.0,1742.0,120.0,323.0,101.0,,,,,,,,
,,,,,,Xiaomi Redmi Note 7,Qualcomm,Snapdragon 660   ,8.0,1843.0,134.0,276.0,100.0,,,,,,,,
,,,,,,Samsung Galaxy M31,Samsung,Exynos 9611   ,8.0,1742.0,124.0,294.0,100.0,,,,,,,,
,,,,,,Xiaomi Redmi 10X 4G,MediaTek,Helio G85   ,8.0,1800.0,151.0,230.0,97.0,,,,,,,,
,,,,,,Samsung Galaxy S8,Samsung,Exynos 8895 Octa  ,8.0,1690.0,142.0,499.0,95.0,,,,,,,,
,,,,,,Samsung Galaxy Note 8,Qualcomm,Snapdragon 835   ,8.0,1900.0,154.0,650.0,93.0,,,,,,,,
,,,,,,Xiaomi Redmi 9,MediaTek,Helio G80   ,8.0,1800.0,155.0,256.0,88.0,,,,,,,,
,,,,,,Samsung Galaxy Tab S5e,Qualcomm,Snapdragon 670   ,8.0,1708.0,134.0,275.0,88.0,,,,,,,,
,,,,,,Samsung Galaxy A50,Samsung,Exynos 9610   ,8.0,1742.0,122.0,293.0,85.0,,,,,,,,
,,,,,,Sony Xperia XZ Premium,Qualcomm,Snapdragon 835   ,8.0,1900.0,155.0,548.0,80.0,,,,,,,,
,,,,,,Samsung Galaxy S6,Samsung,Exynos 7420   ,8.0,1500.0,136.0,167.0,79.0,,,,,,,,
,,,,,,Samsung Galaxy S8+,Qualcomm,Snapdragon 835   ,8.0,1900.0,147.0,585.0,75.0,,,,,,,,
,,,,,,Samsung Galaxy A20,Samsung,Exynos 7884   ,8.0,1352.0,89.0,210.0,74.0,,,,,,,,
,,,,,,Samsung Galaxy Note FE,Samsung,Exynos 8890   ,8.0,1300.0,133.0,400.0,71.0,,,,,,,,
,,,,,,Huawei Nexus 6P,Qualcomm,Snapdragon 810   ,8.0,1555.0,85.0,111.0,71.0,,,,,,,,
,,,,,,LG Nexus 5X,Qualcomm,Snapdragon 808   ,6.0,1440.0,78.0,75.0,68.0,,,,,,,,
,,,,,,LG V30,Qualcomm,Snapdragon 835   ,8.0,1900.0,146.0,504.0,66.0,,,,,,,,
,,,,,,Samsung Galaxy A21s,Samsung,Exynos 850   ,8.0,2002.0,96.0,177.0,56.0,,,,,,,,
,,,,,,,Apple,A15 Bionic,,,,,,1.0,1727.0,4688.0,794346.0,6.0, (2+4),3223.0,Apple GPU
,,,,,,,MediaTek,Dimensity 9000,,,,,,2.0,1269.0,4267.0,1017817.0,8.0, (1+3+4),3050.0,Mali-G710
,,,,,,,Qualcomm,Snapdragon 8 Gen 1,,,,,,3.0,1213.0,3765.0,1028349.0,8.0, (1+3+4),3000.0,Adreno 730
,,,,,,,Apple,A14 Bionic,,,,,,4.0,1581.0,4093.0,730211.0,6.0, (2+4),3100.0,Apple GPU
,,,,,,,Qualcomm,Snapdragon 888 Plus,,,,,,5.0,1162.0,3626.0,838764.0,8.0, (1+3+4),2995.0,Adreno 660
,,,,,,,Samsung,Exynos 2200,,,,,,6.0,1146.0,3534.0,963986.0,8.0, (1+3+4),2800.0,Samsung Xclipse 920
,,,,,,,Qualcomm,Snapdragon 888,,,,,,7.0,1120.0,3673.0,792308.0,8.0, (1+3+4),2840.0,Adreno 660
,,,,,,,MediaTek,Dimensity 8100,,,,,,8.0,915.0,3775.0,780778.0,8.0, (4+4),2850.0,Mali-G610 MC6
,,,,,,,Google,Google Tensor,,,,,,9.0,1038.0,2845.0,717527.0,8.0, (2+2+4),2800.0,Mali-G78 MP20
,,,,,,,HiSilicon,Kirin 9000,,,,,,10.0,1039.0,3677.0,761270.0,8.0, (1+3+4),3130.0,Mali-G78 MP24
,,,,,,,Samsung,Exynos 2100,,,,,,11.0,1082.0,3580.0,747506.0,8.0, (1+3+4),2900.0,Mali-G78 MP14
,,,,,,,Apple,A13 Bionic,,,,,,12.0,1321.0,3494.0,604579.0,6.0, (2+4),2660.0,Apple A13 Bionic GPU
,,,,,,,Qualcomm,Snapdragon 870,,,,,,13.0,993.0,3371.0,692361.0,8.0, (1+3+4),3200.0,Adreno 650
,,,,,,,HiSilicon,Kirin 9000E,,,,,,14.0,1060.0,3741.0,726361.0,8.0, (1+3+4),3130.0,Mali-G78 MP22
,,,,,,,Samsung,Exynos 1080,,,,,,15.0,831.0,2902.0,699942.0,8.0, (1+3+4),2800.0,Mali-G78 MP10
,,,,,,,Qualcomm,Snapdragon 865 Plus,,,,,,16.0,913.0,3268.0,701680.0,8.0, (1+3+4),3100.0,Adreno 650
,,,,,,,MediaTek,Dimensity 1200,,,,,,17.0,972.0,3304.0,668930.0,8.0, (1+3+4),3000.0,Mali-G77 MC9
,,,,,,,Qualcomm,Snapdragon 865,,,,,,18.0,929.0,3418.0,648129.0,8.0, (1+3+4),2840.0,Adreno 650
,,,,,,,MediaTek,Dimensity 1100,,,,,,19.0,661.0,2486.0,664145.0,8.0, (4+4),2600.0,Mali-G77 MC9
,,,,,,,Samsung,Exynos 990,,,,,,20.0,938.0,2722.0,599189.0,8.0, (2+2+4),2730.0,Mali-G77 MP11
,,,,,,,MediaTek,Dimensity 1000 Plus,,,,,,21.0,788.0,2880.0,594965.0,8.0, (4+4),2600.0,Mali-G77 MC9
,,,,,,,Apple,A12 Bionic,,,,,,22.0,1116.0,2908.0,527150.0,6.0, (2+4),2490.0,Apple A12 Bionic GPU
,,,,,,,Qualcomm,Snapdragon 860,,,,,,23.0,732.0,2564.0,564604.0,8.0, (1+3+4),2960.0,Adreno 640
,,,,,,,Qualcomm,Snapdragon 855 Plus,,,,,,24.0,775.0,2773.0,538497.0,8.0, (1+3+4),2960.0,Adreno 640
,,,,,,,HiSilicon,Kirin 990 (5G),,,,,,25.0,767.0,3051.0,556879.0,8.0, (2+2+4),2860.0,Mali G76 MP16
,,,,,,,Qualcomm,Snapdragon 778G Plus,,,,,,26.0,815.0,2959.0,543604.0,8.0, (1+3+4),2500.0,Adreno 642L
,,,,,,,Qualcomm,Snapdragon 780G,,,,,,27.0,799.0,2886.0,528891.0,8.0, (1+3+4),2400.0,Adreno 642
,,,,,,,Qualcomm,Snapdragon 855,,,,,,28.0,738.0,2595.0,511055.0,8.0, (1+3+4),2840.0,Adreno 640
,,,,,,,Qualcomm,Snapdragon 778G,,,,,,29.0,770.0,2806.0,526563.0,8.0, (1+3+4),2400.0,Adreno 642L
,,,,,,,HiSilicon,Kirin 990 (4G),,,,,,30.0,739.0,3041.0,494746.0,8.0, (2+2+4),2860.0,Mali G76 MP16
,,,,,,,Samsung,Exynos 9825,,,,,,31.0,766.0,2383.0,503509.0,8.0, (2+2+4),2730.0,Mali G76 MP12
,,,,,,,MediaTek,Dimensity 920,,,,,,32.0,783.0,2582.0,487320.0,8.0, (2+6),2500.0,Mali-G68 MC4
,,,,,,,MediaTek,Dimensity 1000,,,,,,33.0,675.0,2865.0,441325.0,8.0, (4+4),2600.0,Mali-G77 MP9
,,,,,,,Samsung,Exynos 9820,,,,,,34.0,828.0,2289.0,501815.0,8.0, (2+2+4),2700.0,Mali G76 MP12
,,,,,,,MediaTek,Dimensity 1000L,,,,,,35.0,648.0,2496.0,428299.0,8.0, (4+4),2200.0,Mali-G77 MC9
,,,,,,,HiSilicon,Kirin 985,,,,,,36.0,685.0,2559.0,464593.0,8.0, (1+3+4),2580.0,Mali-G77 MP8
,,,,,,,HiSilicon,Kirin 980,,,,,,37.0,691.0,2459.0,482411.0,8.0, (2+2+4),2600.0,Mali G76 MP10
,,,,,,,Samsung,Exynos 1280,,,,,,38.0,720.0,1873.0,414723.0,8.0, (2+6),2400.0,Mali-G68
,,,,,,,HiSilicon,Kirin 820,,,,,,39.0,639.0,2448.0,445090.0,8.0, (1+3+4),2360.0,Mali-G57 MP6
,,,,,,,MediaTek,Dimensity 820,,,,,,40.0,517.0,2374.0,449045.0,8.0, (4+4),2600.0,Mali-G57 MC5
,,,,,,,MediaTek,Dimensity 900,,,,,,41.0,701.0,2137.0,421553.0,8.0, (2+6),2400.0,Mali-G68 MC4
,,,,,,,Qualcomm,Snapdragon 768G,,,,,,42.0,701.0,1982.0,441930.0,8.0, (1+1+6),2800.0,Adreno 620
,,,,,,,Qualcomm,Snapdragon 845,,,,,,43.0,506.0,2180.0,406115.0,8.0, (4+4),2800.0,Adreno 630
,,,,,,,Qualcomm,Snapdragon 695,,,,,,44.0,691.0,1997.0,401626.0,8.0, (2+6),2200.0,Adreno 619
,,,,,,,Apple,A11 Bionic,,,,,,45.0,916.0,2324.0,381419.0,6.0, (2+4),2390.0,Apple GPU
,,,,,,,Samsung,Exynos 9810,,,,,,46.0,676.0,2004.0,412243.0,8.0, (4+4),2900.0,Mali-G72MP18
,,,,,,,Samsung,Exynos 980,,,,,,47.0,695.0,1847.0,383525.0,8.0, (2+6),2200.0,Mali G76 MP5
,,,,,,,Qualcomm,Snapdragon 765G,,,,,,48.0,587.0,1790.0,375497.0,8.0, (1+1+6),2400.0,Adreno 620
,,,,,,,MediaTek,Dimensity 800U,,,,,,49.0,609.0,1819.0,389068.0,8.0, (2+6),2400.0,Mali-G57 MC3
,,,,,,,Qualcomm,Snapdragon 765,,,,,,50.0,590.0,1895.0,337444.0,8.0, (1+1+6),2300.0,Adreno 620
,,,,,,,MediaTek,Dimensity 810,,,,,,51.0,622.0,1894.0,372728.0,8.0, (2+6),2400.0,Mali-G57 MC2
,,,,,,,Qualcomm,Snapdragon 750G,,,,,,52.0,656.0,1974.0,387846.0,8.0, (2+6),2200.0,Adreno 619
,,,,,,,HiSilicon,Kirin 810,,,,,,53.0,595.0,1900.0,368674.0,8.0, (2+6),2270.0,Mali-G52 MP6
,,,,,,,MediaTek,Dimensity 800,,,,,,54.0,507.0,1891.0,323904.0,8.0, (4+4),2000.0,Mali-G57 MC4
,,,,,,,Qualcomm,Snapdragon 732G,,,,,,55.0,565.0,1781.0,345820.0,8.0, (2+6),2300.0,Adreno 618
,,,,,,,Samsung,Exynos 880,,,,,,56.0,655.0,1804.0,316057.0,8.0, (2+6),2000.0,Mali G76 MP5
,,,,,,,Qualcomm,Snapdragon 480 Plus,,,,,,57.0,533.0,1590.0,344096.0,8.0, (2+6),2200.0,Adreno 619
,,,,,,,MediaTek,Dimensity 700,,,,,,58.0,563.0,1722.0,335210.0,8.0, (2+6),2200.0,Mali-G57 MC2
,,,,,,,MediaTek,Dimensity 720,,,,,,59.0,525.0,1713.0,343466.0,8.0, (2+6),2000.0,Mali-G57 MC3
,,,,,,,Qualcomm,Snapdragon 690,,,,,,60.0,605.0,1829.0,344409.0,8.0, (2+6),2000.0,Adreno 619L
,,,,,,,Qualcomm,Snapdragon 720G,,,,,,61.0,567.0,1684.0,336689.0,8.0, (2+6),2300.0,Adreno 618
,,,,,,,MediaTek,Helio G90,,,,,,62.0,509.0,1630.0,339645.0,8.0, (2+6),2000.0,Mali-G76 MC4
,,,,,,,Qualcomm,Snapdragon 730G,,,,,,63.0,537.0,1719.0,331377.0,8.0, (2+6),2200.0,Adreno 618
,,,,,,,MediaTek,Helio G96,,,,,,64.0,537.0,1869.0,330903.0,8.0, (2+6),2050.0,Mali G57 MC2
,,,,,,,MediaTek,Helio G95,,,,,,65.0,511.0,1600.0,336924.0,8.0, (2+6),2050.0,Mali-G76 3EEMC4
,,,,,,,Qualcomm,Snapdragon 835,,,,,,66.0,386.0,1710.0,314279.0,8.0, (4+4),2450.0,Adreno 540
,,,,,,,Qualcomm,Snapdragon 730,,,,,,67.0,537.0,1760.0,318361.0,8.0, (2+6),2200.0,Adreno 618
,,,,,,,MediaTek,Helio G90T,,,,,,68.0,494.0,1618.0,329108.0,8.0, (2+6),2050.0,Mali-G76 MC4
,,,,,,,Qualcomm,Snapdragon 480,,,,,,69.0,508.0,1661.0,285291.0,8.0, (2+6),2000.0,Adreno 619
,,,,,,,Apple,A10 Fusion,,,,,,70.0,776.0,1397.0,298838.0,4.0, (2+2),2340.0,PowerVR GT7600
,,,,,,,Qualcomm,Snapdragon 680,,,,,,71.0,373.0,1548.0,275397.0,8.0, (4+4),2400.0,Adreno 610
,,,,,,,HiSilicon,Kirin 970,,,,,,72.0,385.0,1361.0,321644.0,8.0, (4+4),2360.0,Mali G72 MP12
,,,,,,,Samsung,Exynos 8895,,,,,,73.0,377.0,1552.0,287444.0,8.0, (4+4),2300.0,Mali-G71 MP20
,,,,,,,MediaTek,Helio P95,,,,,,74.0,408.0,1502.0,274746.0,8.0, (2+6),2200.0,PowerVR GM9446
,,,,,,,Qualcomm,Snapdragon 712,,,,,,75.0,399.0,1496.0,278912.0,8.0, (2+6),2300.0,Adreno 616
,,,,,,,Qualcomm,Snapdragon 678,,,,,,76.0,526.0,1534.0,281383.0,8.0, (2+6),2200.0,Adreno 612
,,,,,,,Qualcomm,Snapdragon 710,,,,,,77.0,386.0,1444.0,261027.0,8.0, (2+6),2200.0,Adreno 616
,,,,,,,Unisoc,Tiger T618,,,,,,78.0,393.0,1327.0,250989.0,8.0, (2+6),2000.0,ARM Mali-G52 MP2
,,,,,,,Qualcomm,Snapdragon 820,,,,,,79.0,317.0,799.0,263967.0,4.0, (2+2),2200.0,Adreno 530
,,,,,,,Qualcomm,Snapdragon 675,,,,,,80.0,420.0,1375.0,260078.0,8.0, (2+6),2000.0,Adreno 612
,,,,,,,MediaTek,Helio P90,,,,,,81.0,391.0,1473.0,252818.0,8.0, (2+6),2200.0,PowerVR GM9446
,,,,,,,MediaTek,Helio G88,,,,,,82.0,362.0,1260.0,230129.0,8.0, (2+6),2000.0,Mali-G52 MC2
,,,,,,,MediaTek,Helio G80,,,,,,83.0,350.0,1285.0,230017.0,8.0, (2+6),2000.0,Mali-G52 MP2
,,,,,,,HiSilicon,Kirin 960,,,,,,84.0,377.0,1579.0,251942.0,8.0, (4+4),2360.0,Mali-G71 MP8
,,,,,,,MediaTek,Helio G85,,,,,,85.0,358.0,1268.0,228942.0,8.0, (2+6),2000.0,Mali-G52 MP2
,,,,,,,Samsung,Exynos 9611,,,,,,86.0,323.0,1203.0,228280.0,8.0, (4+4),2300.0,Mali-G72 MP3
,,,,,,,Samsung,Exynos 9609,,,,,,87.0,329.0,1253.0,211472.0,8.0, (4+4),2200.0,Mali-G72 MP3
,,,,,,,Qualcomm,Snapdragon 670,,,,,,88.0,343.0,1320.0,216423.0,8.0, (2+6),2000.0,Adreno 615
,,,,,,,Samsung,Exynos 8890,,,,,,89.0,367.0,1304.0,232038.0,8.0, (4+4),2300.0,Mali-T880 MP12
,,,,,,,Unisoc,Tiger T616,,,,,,90.0,377.0,1391.0,224095.0,8.0, (2+6),2000.0,Mali-G57 MP1
,,,,,,,Unisoc,Tiger T700,,,,,,91.0,350.0,1281.0,218848.0,8.0, (2+6),1800.0,ARM Mali-G52 MC2
,,,,,,,Qualcomm,Snapdragon 662,,,,,,92.0,314.0,1393.0,205946.0,8.0, (4+4),2000.0,Adreno 610
,,,,,,,Apple,Apple A9,,,,,,93.0,526.0,968.0,204422.0,2.0, (2),1850.0,PowerVR GT7600
,,,,,,,Qualcomm,Snapdragon 665,,,,,,94.0,314.0,1345.0,195538.0,8.0, (4+4),2000.0,Adreno 610
,,,,,,,MediaTek,Helio G70,,,,,,95.0,391.0,1300.0,205296.0,8.0, (2+6),2000.0,Mali-G52 2EEMC2
,,,,,,,HiSilicon,Kirin 710F,,,,,,96.0,324.0,1328.0,207028.0,8.0, (4+4),2200.0,Mali-G51 MP4
,,,,,,,Samsung,Exynos 9610,,,,,,97.0,338.0,1139.0,203208.0,8.0, (4+4),2300.0,Mali-G72 MP3
,,,,,,,HiSilicon,Kirin 710A,,,,,,98.0,318.0,1145.0,196708.0,8.0, (4+4),2000.0,Mali-G51
,,,,,,,Samsung,Exynos 850,,,,,,99.0,160.0,941.0,143063.0,8.0, (8),2000.0,Mali-G52 MP1
,,,,,,,Qualcomm,Snapdragon 460,,,,,,100.0,253.0,1144.0,161885.0,8.0, (4+4),1800.0,Adreno 610
,,,,,,,MediaTek,Helio P65,,,,,,101.0,352.0,1274.0,196163.0,8.0, (2+6),2000.0,Mali-G52 MC2
,,,,,,,MediaTek,Helio P70,,,,,,102.0,297.0,1394.0,179665.0,8.0, (4+4),2100.0,Mali-G72 MP3
,,,,,,,HiSilicon,Kirin 710,,,,,,103.0,326.0,1271.0,195439.0,8.0, (4+4),2200.0,Mali-G51 MP4
,,,,,,,Qualcomm,Snapdragon 821,,,,,,104.0,338.0,742.0,196542.0,4.0, (2+2),2342.0,Adreno 530
,,,,,,,Qualcomm,Snapdragon 660,,,,,,105.0,334.0,1306.0,207386.0,8.0, (4+4),2200.0,Adreno 512
,,,,,,,Unisoc,Unisoc T606,,,,,,106.0,311.0,1171.0,178069.0,8.0, (2+6),1600.0,Mali-G57 MP1
,,,,,,,Unisoc,Tiger T610,,,,,,107.0,350.0,1321.0,192642.0,8.0, (2+6),1820.0,ARM Mali G52 MP2
,,,,,,,MediaTek,Helio P60,,,,,,108.0,272.0,1121.0,185821.0,8.0, (4+4),2000.0,Mali-G72 MP3
,,,,,,,Samsung,Exynos 7904,,,,,,109.0,271.0,1006.0,149013.0,8.0, (2+6),1800.0,Mali-G71 MP2
,,,,,,,Qualcomm,Snapdragon 636,,,,,,110.0,274.0,1120.0,171003.0,8.0, (4+4),1800.0,Adreno 509
,,,,,,,Qualcomm,Snapdragon 632,,,,,,111.0,263.0,1042.0,147457.0,8.0, (4+4),1800.0,Adreno 506
,,,,,,,MediaTek,Helio G35,,,,,,112.0,173.0,679.0,107226.0,8.0, (8),2300.0,IMG PowerVR GE8320
,,,,,,,Samsung,Exynos 7885,,,,,,113.0,317.0,1033.0,160366.0,8.0, (2+6),2200.0,Mali-G71 MP2
,,,,,,,HiSilicon,Kirin 950,,,,,,114.0,336.0,1267.0,134777.0,8.0, (4+4),2400.0,Mali-T880 MP4
,,,,,,,MediaTek,Helio P35,,,,,,115.0,169.0,965.0,99442.0,8.0, (4+4),2300.0,IMG PowerVR GE8320
,,,,,,,MediaTek,Helio A25,,,,,,116.0,137.0,754.0,113937.0,8.0, (4+4),1800.0,PowerVR GE8320
,,,,,,,MediaTek,Helio G25,,,,,,117.0,135.0,471.0,92753.0,8.0, (8),2000.0,IMG PowerVR GE8320
,,,,,,,Qualcomm,Snapdragon 630,,,,,,118.0,173.0,977.0,133070.0,8.0, (4+4),2200.0,Adreno 508
,,,,,,,Samsung,Exynos 7872,,,,,,119.0,293.0,770.0,143056.0,6.0, (2+4),2000.0,Mali-G71 MP1
,,,,,,,HiSilicon,Kirin 955,,,,,,120.0,340.0,1086.0,139287.0,8.0, (4+4),2500.0,ARM Mali-T880 MP4
,,,,,,,MediaTek,Helio P23,,,,,,121.0,153.0,851.0,109039.0,8.0, (4+4),2300.0,Mali-G71 MP2
,,,,,,,Samsung,Exynos 7884B,,,,,,122.0,246.0,894.0,103821.0,8.0, (2+6),1560.0,Mali-G71 MP2
,,,,,,,HiSilicon,Kirin 659,,,,,,123.0,193.0,878.0,120426.0,8.0, (4+4),2360.0,Mali-T830 MP2
,,,,,,,Samsung,Exynos 7420,,,,,,124.0,259.0,873.0,95445.0,8.0, (4+4),2100.0,Mali-T760 MP8
,,,,,,,Qualcomm,Snapdragon 439,,,,,,125.0,177.0,805.0,102154.0,8.0, (4+4),2000.0,Adreno 505
